Name,Description,datetime,temp,DATE,YEAR,WEEK,TIME
SAO JOAO DO TAUAPE,,2011010112,28.81074632425174,2011-01-01,2011,1,1
SAO JOAO DO TAUAPE,,2011010212,28.266827753109624,2011-01-02,2011,1,2
SAO JOAO DO TAUAPE,,2011010312,27.01811724128072,2011-01-03,2011,1,3
SAO JOAO DO TAUAPE,,2011010412,27.85112123332067,2011-01-04,2011,1,4
SAO JOAO DO TAUAPE,,2011010512,26.143374143471874,2011-01-05,2011,1,5
SAO JOAO DO TAUAPE,,2011010612,27.968664544634294,2011-01-06,2011,1,6
SAO JOAO DO TAUAPE,,2011010712,26.840211321848358,2011-01-07,2011,1,7
SAO JOAO DO TAUAPE,,2011010812,26.664738623828498,2011-01-08,2011,2,8
SAO JOAO DO TAUAPE,,2011010912,24.53688649856042,2011-01-09,2011,2,9
SAO JOAO DO TAUAPE,,2011011012,23.94261896126642,2011-01-10,2011,2,10
SAO JOAO DO TAUAPE,,2011011112,26.47635113523438,2011-01-11,2011,2,11
SAO JOAO DO TAUAPE,,2011011212,26.61195643626411,2011-01-12,2011,2,12
SAO JOAO DO TAUAPE,,2011011312,26.209726219683148,2011-01-13,2011,2,13
SAO JOAO DO TAUAPE,,2011011412,27.260971455340268,2011-01-14,2011,2,14
SAO JOAO DO TAUAPE,,2011011512,27.754260304013712,2011-01-15,2011,3,15
SAO JOAO DO TAUAPE,,2011011612,26.981899676409455,2011-01-16,2011,3,16
SAO JOAO DO TAUAPE,,2011011712,27.12087405324121,2011-01-17,2011,3,17
SAO JOAO DO TAUAPE,,2011011812,27.84344722732726,2011-01-18,2011,3,18
SAO JOAO DO TAUAPE,,2011011912,26.47738057506274,2011-01-19,2011,3,19
SAO JOAO DO TAUAPE,,2011012012,24.020201290150965,2011-01-20,2011,3,20
SAO JOAO DO TAUAPE,,2011012112,25.988770998336463,2011-01-21,2011,3,21
SAO JOAO DO TAUAPE,,2011012212,24.116968634018974,2011-01-22,2011,4,22
SAO JOAO DO TAUAPE,,2011012312,25.37391466447491,2011-01-23,2011,4,23
SAO JOAO DO TAUAPE,,2011012412,25.172893141623376,2011-01-24,2011,4,24
SAO JOAO DO TAUAPE,,2011012512,25.49566932054097,2011-01-25,2011,4,25
SAO JOAO DO TAUAPE,,2011012612,25.776519222811658,2011-01-26,2011,4,26
SAO JOAO DO TAUAPE,,2011012712,26.463717100976965,2011-01-27,2011,4,27
SAO JOAO DO TAUAPE,,2011012812,25.343592982257064,2011-01-28,2011,4,28
SAO JOAO DO TAUAPE,,2011012912,25.969585983353,2011-01-29,2011,5,29
SAO JOAO DO TAUAPE,,2011013012,27.359048995353533,2011-01-30,2011,5,30
SAO JOAO DO TAUAPE,,2011013112,26.504426766917504,2011-01-31,2011,5,31
SAO JOAO DO TAUAPE,,2011020112,26.38454381963038,2011-02-01,2011,5,32
SAO JOAO DO TAUAPE,,2011020212,25.21163751334609,2011-02-02,2011,5,33
SAO JOAO DO TAUAPE,,2011020312,26.496097662851525,2011-02-03,2011,5,34
SAO JOAO DO TAUAPE,,2011020412,27.115539683221414,2011-02-04,2011,5,35
SAO JOAO DO TAUAPE,,2011020512,25.989800438164878,2011-02-05,2011,6,36
SAO JOAO DO TAUAPE,,2011020612,27.29934148530731,2011-02-06,2011,6,37
SAO JOAO DO TAUAPE,,2011020712,27.487635388462422,2011-02-07,2011,6,38
SAO JOAO DO TAUAPE,,2011020812,27.868060197769523,2011-02-08,2011,6,39
SAO JOAO DO TAUAPE,,2011020912,27.81724330442296,2011-02-09,2011,6,40
SAO JOAO DO TAUAPE,,2011021012,26.218710421821697,2011-02-10,2011,6,41
SAO JOAO DO TAUAPE,,2011021112,26.294701798244205,2011-02-11,2011,6,42
SAO JOAO DO TAUAPE,,2011021212,27.10917587337326,2011-02-12,2011,7,43
SAO JOAO DO TAUAPE,,2011021312,26.700581846944033,2011-02-13,2011,7,44
SAO JOAO DO TAUAPE,,2011021412,25.877123569676428,2011-02-14,2011,7,45
SAO JOAO DO TAUAPE,,2011021512,26.509573966059463,2011-02-15,2011,7,46
SAO JOAO DO TAUAPE,,2011021612,26.79500955483843,2011-02-16,2011,7,47
SAO JOAO DO TAUAPE,,2011021712,25.66103479115486,2011-02-17,2011,7,48
SAO JOAO DO TAUAPE,,2011021812,25.84361998253445,2011-02-18,2011,7,49
SAO JOAO DO TAUAPE,,2011021912,26.346828887735967,2011-02-19,2011,8,50
SAO JOAO DO TAUAPE,,2011022012,26.28000888432996,2011-02-20,2011,8,51
SAO JOAO DO TAUAPE,,2011022112,26.719392520171766,2011-02-21,2011,8,52
SAO JOAO DO TAUAPE,,2011022212,26.22105005779531,2011-02-22,2011,8,53
SAO JOAO DO TAUAPE,,2011022312,26.867163928264176,2011-02-23,2011,8,54
SAO JOAO DO TAUAPE,,2011022412,27.416416869426143,2011-02-24,2011,8,55
SAO JOAO DO TAUAPE,,2011022512,26.601006939907734,2011-02-25,2011,8,56
SAO JOAO DO TAUAPE,,2011022612,25.77389883052126,2011-02-26,2011,9,57
SAO JOAO DO TAUAPE,,2011022712,25.700340675511313,2011-02-27,2011,9,58
SAO JOAO DO TAUAPE,,2011022812,25.917739650178078,2011-02-28,2011,9,59
SAO JOAO DO TAUAPE,,2011030112,25.88629494269287,2011-03-01,2011,9,60
SAO JOAO DO TAUAPE,,2011030212,26.36395502306266,2011-03-02,2011,9,61
SAO JOAO DO TAUAPE,,2011030312,27.271078682746236,2011-03-03,2011,9,62
SAO JOAO DO TAUAPE,,2011030412,26.99331709996062,2011-03-04,2011,9,63
SAO JOAO DO TAUAPE,,2011030512,26.92013328670646,2011-03-05,2011,10,64
SAO JOAO DO TAUAPE,,2011030612,26.663334842244353,2011-03-06,2011,10,65
SAO JOAO DO TAUAPE,,2011030712,25.890131945689575,2011-03-07,2011,10,66
SAO JOAO DO TAUAPE,,2011030812,25.316733961280192,2011-03-08,2011,10,67
SAO JOAO DO TAUAPE,,2011030912,24.33333816885738,2011-03-09,2011,10,68
SAO JOAO DO TAUAPE,,2011031012,26.032943325518033,2011-03-10,2011,10,69
SAO JOAO DO TAUAPE,,2011031112,25.94057449728041,2011-03-11,2011,10,70
SAO JOAO DO TAUAPE,,2011031212,25.600859353913904,2011-03-12,2011,11,71
SAO JOAO DO TAUAPE,,2011031312,25.297174604540828,2011-03-13,2011,11,72
SAO JOAO DO TAUAPE,,2011031412,26.063732934930613,2011-03-14,2011,11,73
SAO JOAO DO TAUAPE,,2011031512,25.979225283564233,2011-03-15,2011,11,74
SAO JOAO DO TAUAPE,,2011031612,26.565725229425766,2011-03-16,2011,11,75
SAO JOAO DO TAUAPE,,2011031712,26.56057803028392,2011-03-17,2011,11,76
SAO JOAO DO TAUAPE,,2011031812,27.391710313544934,2011-03-18,2011,11,77
SAO JOAO DO TAUAPE,,2011031912,27.638588701479023,2011-03-19,2011,12,78
SAO JOAO DO TAUAPE,,2011032012,27.729460162693613,2011-03-20,2011,12,79
SAO JOAO DO TAUAPE,,2011032112,27.220636131155402,2011-03-21,2011,12,80
SAO JOAO DO TAUAPE,,2011032212,27.00520245070652,2011-03-22,2011,12,81
SAO JOAO DO TAUAPE,,2011032312,28.303981172370356,2011-03-23,2011,12,82
SAO JOAO DO TAUAPE,,2011032412,26.391375556673268,2011-03-24,2011,12,83
SAO JOAO DO TAUAPE,,2011032512,23.977151988236756,2011-03-25,2011,12,84
SAO JOAO DO TAUAPE,,2011032612,27.57860043511596,2011-03-26,2011,13,85
SAO JOAO DO TAUAPE,,2011032712,25.736932582138365,2011-03-27,2011,13,86
SAO JOAO DO TAUAPE,,2011032812,26.41851533396698,2011-03-27,2011,13,87
SAO JOAO DO TAUAPE,,2011032912,26.780223055485294,2011-03-28,2011,13,88
SAO JOAO DO TAUAPE,,2011033012,26.7827498623368,2011-03-29,2011,13,89
SAO JOAO DO TAUAPE,,2011033112,27.852992942099604,2011-03-30,2011,13,90
SAO JOAO DO TAUAPE,,2011040112,26.398862391788782,2011-03-31,2011,13,91
SAO JOAO DO TAUAPE,,2011040212,27.031312788171874,2011-04-01,2011,13,92
SAO JOAO DO TAUAPE,,2011040312,26.814943253333468,2011-04-02,2011,14,93
SAO JOAO DO TAUAPE,,2011040412,26.89177689870644,2011-04-03,2011,14,94
SAO JOAO DO TAUAPE,,2011040512,27.299154314429416,2011-04-04,2011,14,95
SAO JOAO DO TAUAPE,,2011040612,26.917606479854953,2011-04-05,2011,14,96
SAO JOAO DO TAUAPE,,2011040712,27.76988907231737,2011-04-06,2011,14,97
SAO JOAO DO TAUAPE,,2011040812,26.78162683706944,2011-04-07,2011,14,98
SAO JOAO DO TAUAPE,,2011040912,25.952085506270464,2011-04-08,2011,14,99
SAO JOAO DO TAUAPE,,2011041012,25.96340934438274,2011-04-09,2011,15,100
SAO JOAO DO TAUAPE,,2011041112,25.643534314072326,2011-04-10,2011,15,101
SAO JOAO DO TAUAPE,,2011041212,25.200220089794925,2011-04-11,2011,15,102
SAO JOAO DO TAUAPE,,2011041312,25.877965838626892,2011-04-12,2011,15,103
SAO JOAO DO TAUAPE,,2011041412,26.650139295353256,2011-04-13,2011,15,104
SAO JOAO DO TAUAPE,,2011041512,27.432607150363424,2011-04-14,2011,15,105
SAO JOAO DO TAUAPE,,2011041612,26.301159193531362,2011-04-15,2011,15,106
SAO JOAO DO TAUAPE,,2011041712,25.80085143693708,2011-04-16,2011,16,107
SAO JOAO DO TAUAPE,,2011041812,26.189137423115426,2011-04-17,2011,16,108
SAO JOAO DO TAUAPE,,2011041912,25.42922365889075,2011-04-18,2011,16,109
SAO JOAO DO TAUAPE,,2011042012,26.620566296646984,2011-04-19,2011,16,110
SAO JOAO DO TAUAPE,,2011042112,25.201436700501176,2011-04-20,2011,16,111
SAO JOAO DO TAUAPE,,2011042212,25.80543712344536,2011-04-21,2011,16,112
SAO JOAO DO TAUAPE,,2011042312,26.129991425702883,2011-04-22,2011,16,113
SAO JOAO DO TAUAPE,,2011042412,25.091567395181073,2011-04-23,2011,17,114
SAO JOAO DO TAUAPE,,2011042512,24.456590191946475,2011-04-24,2011,17,115
SAO JOAO DO TAUAPE,,2011042612,27.133320916620733,2011-04-25,2011,17,116
SAO JOAO DO TAUAPE,,2011042712,27.307764174812235,2011-04-26,2011,17,117
SAO JOAO DO TAUAPE,,2011042812,27.284929327709904,2011-04-27,2011,17,118
SAO JOAO DO TAUAPE,,2011042912,27.05985634704973,2011-04-28,2011,17,119
SAO JOAO DO TAUAPE,,2011043012,26.312108689887737,2011-04-29,2011,17,120
SAO JOAO DO TAUAPE,,2011050112,27.098226377016772,2011-04-30,2011,18,121
SAO JOAO DO TAUAPE,,2011050212,26.83403468287804,2011-05-01,2011,18,122
SAO JOAO DO TAUAPE,,2011050312,26.782375520581013,2011-05-02,2011,18,123
SAO JOAO DO TAUAPE,,2011050412,26.513691725373008,2011-05-03,2011,18,124
SAO JOAO DO TAUAPE,,2011050512,24.34999637698934,2011-05-04,2011,18,125
SAO JOAO DO TAUAPE,,2011050612,26.68083531932689,2011-05-05,2011,18,126
SAO JOAO DO TAUAPE,,2011050712,27.743497978535174,2011-05-06,2011,18,127
SAO JOAO DO TAUAPE,,2011050812,27.455722753782595,2011-05-07,2011,19,128
SAO JOAO DO TAUAPE,,2011050912,27.573172479657217,2011-05-08,2011,19,129
SAO JOAO DO TAUAPE,,2011051012,26.63413618529387,2011-05-09,2011,19,130
SAO JOAO DO TAUAPE,,2011051112,25.638574285808318,2011-05-10,2011,19,131
SAO JOAO DO TAUAPE,,2011051212,25.66150271834954,2011-05-11,2011,19,132
SAO JOAO DO TAUAPE,,2011051312,26.77245546405294,2011-05-12,2011,19,133
SAO JOAO DO TAUAPE,,2011051412,26.626930106495138,2011-05-13,2011,19,134
SAO JOAO DO TAUAPE,,2011051512,26.04866567926058,2011-05-14,2011,20,135
SAO JOAO DO TAUAPE,,2011051612,26.38454381963038,2011-05-15,2011,20,136
SAO JOAO DO TAUAPE,,2011051712,27.006138305095988,2011-05-16,2011,20,137
SAO JOAO DO TAUAPE,,2011051812,27.500924520792523,2011-05-17,2011,20,138
SAO JOAO DO TAUAPE,,2011051912,24.951750749398798,2011-05-18,2011,20,139
SAO JOAO DO TAUAPE,,2011052012,26.132705403432283,2011-05-19,2011,20,140
SAO JOAO DO TAUAPE,,2011052112,25.110190897530856,2011-05-20,2011,20,141
SAO JOAO DO TAUAPE,,2011052212,26.12035212549165,2011-05-21,2011,21,142
SAO JOAO DO TAUAPE,,2011052312,26.214124735313476,2011-05-22,2011,21,143
SAO JOAO DO TAUAPE,,2011052412,26.141596020131942,2011-05-23,2011,21,144
SAO JOAO DO TAUAPE,,2011052512,26.666703918046323,2011-05-24,2011,21,145
SAO JOAO DO TAUAPE,,2011052612,27.039454721360016,2011-05-25,2011,21,146
SAO JOAO DO TAUAPE,,2011052712,27.138280944884798,2011-05-26,2011,21,147
SAO JOAO DO TAUAPE,,2011052812,27.289795770534965,2011-05-27,2011,21,148
SAO JOAO DO TAUAPE,,2011052912,27.284648571393063,2011-05-28,2011,22,149
SAO JOAO DO TAUAPE,,2011053012,26.45407780076573,2011-05-29,2011,22,150
SAO JOAO DO TAUAPE,,2011053112,26.62814671720139,2011-05-30,2011,22,151
SAO JOAO DO TAUAPE,,2011060112,25.72270759541891,2011-05-31,2011,22,152
SAO JOAO DO TAUAPE,,2011060212,26.00580354822432,2011-06-01,2011,22,153
SAO JOAO DO TAUAPE,,2011060312,26.696651258508382,2011-06-02,2011,22,154
SAO JOAO DO TAUAPE,,2011060412,25.375879958692735,2011-06-03,2011,22,155
SAO JOAO DO TAUAPE,,2011060512,26.9191038468781,2011-06-04,2011,23,156
SAO JOAO DO TAUAPE,,2011060612,27.158588985135623,2011-06-05,2011,23,157
SAO JOAO DO TAUAPE,,2011060712,26.23536862995377,2011-06-06,2011,23,158
SAO JOAO DO TAUAPE,,2011060812,25.301760291049106,2011-06-07,2011,23,159
SAO JOAO DO TAUAPE,,2011060912,26.230876528884437,2011-06-08,2011,23,160
SAO JOAO DO TAUAPE,,2011061012,26.697867869214633,2011-06-09,2011,23,161
SAO JOAO DO TAUAPE,,2011061112,27.404157176924457,2011-06-10,2011,23,162
SAO JOAO DO TAUAPE,,2011061212,27.313566472026764,2011-06-11,2011,24,163
SAO JOAO DO TAUAPE,,2011061312,26.793605773254285,2011-06-12,2011,24,164
SAO JOAO DO TAUAPE,,2011061412,26.461003123247565,2011-06-13,2011,24,165
SAO JOAO DO TAUAPE,,2011061512,26.725662744580973,2011-06-14,2011,24,166
SAO JOAO DO TAUAPE,,2011061612,25.283979057649788,2011-06-15,2011,24,167
SAO JOAO DO TAUAPE,,2011061712,25.482567359088762,2011-06-16,2011,24,168
SAO JOAO DO TAUAPE,,2011061812,25.78887250075229,2011-06-17,2011,24,169
SAO JOAO DO TAUAPE,,2011061912,26.27832434642903,2011-06-18,2011,25,170
SAO JOAO DO TAUAPE,,2011062012,25.155018322785054,2011-06-19,2011,25,171
SAO JOAO DO TAUAPE,,2011062112,26.459692927102367,2011-06-20,2011,25,172
SAO JOAO DO TAUAPE,,2011062212,25.627905545768726,2011-06-21,2011,25,173
SAO JOAO DO TAUAPE,,2011062312,25.826961774402434,2011-06-22,2011,25,174
SAO JOAO DO TAUAPE,,2011062412,24.963729685583644,2011-06-23,2011,25,175
SAO JOAO DO TAUAPE,,2011062512,26.379396620488478,2011-06-24,2011,25,176
SAO JOAO DO TAUAPE,,2011062612,26.162465573016448,2011-06-25,2011,26,177
SAO JOAO DO TAUAPE,,2011062712,26.558893492382936,2011-06-26,2011,26,178
SAO JOAO DO TAUAPE,,2011062812,25.336574074336227,2011-06-27,2011,26,179
SAO JOAO DO TAUAPE,,2011062912,24.811185420105062,2011-06-28,2011,26,180
SAO JOAO DO TAUAPE,,2011063012,25.36053194670592,2011-06-29,2011,26,181
SAO JOAO DO TAUAPE,,2011070112,25.1051372838279,2011-06-30,2011,26,182
SAO JOAO DO TAUAPE,,2011070212,25.710354317478277,2011-07-01,2011,26,183
SAO JOAO DO TAUAPE,,2011070312,26.027796126376074,2011-07-02,2011,27,184
SAO JOAO DO TAUAPE,,2011070412,25.667398601003015,2011-07-03,2011,27,185
SAO JOAO DO TAUAPE,,2011070512,25.145566193451714,2011-07-04,2011,27,186
SAO JOAO DO TAUAPE,,2011070612,25.364836876897357,2011-07-05,2011,27,187
SAO JOAO DO TAUAPE,,2011070712,24.890920214085213,2011-07-06,2011,27,188
SAO JOAO DO TAUAPE,,2011070812,25.129656668831217,2011-07-07,2011,27,189
SAO JOAO DO TAUAPE,,2011070912,24.467726859180857,2011-07-08,2011,27,190
SAO JOAO DO TAUAPE,,2011071012,25.28819040240228,2011-07-09,2011,28,191
SAO JOAO DO TAUAPE,,2011071112,25.657010617280264,2011-07-10,2011,28,192
SAO JOAO DO TAUAPE,,2011071212,24.87014424663971,2011-07-11,2011,28,193
SAO JOAO DO TAUAPE,,2011071312,24.504505936685746,2011-07-12,2011,28,194
SAO JOAO DO TAUAPE,,2011071412,24.974024083867448,2011-07-13,2011,28,195
SAO JOAO DO TAUAPE,,2011071512,24.915439599088586,2011-07-14,2011,28,196
SAO JOAO DO TAUAPE,,2011071612,23.890585457213604,2011-07-15,2011,28,197
SAO JOAO DO TAUAPE,,2011071712,24.51929243603894,2011-07-16,2011,29,198
SAO JOAO DO TAUAPE,,2011071812,25.5103622344551,2011-07-17,2011,29,199
SAO JOAO DO TAUAPE,,2011071912,26.280383226085746,2011-07-18,2011,29,200
SAO JOAO DO TAUAPE,,2011072012,24.734164603854197,2011-07-19,2011,29,201
SAO JOAO DO TAUAPE,,2011072112,24.99414495324038,2011-07-20,2011,29,202
SAO JOAO DO TAUAPE,,2011072212,25.87534544633644,2011-07-21,2011,29,203
SAO JOAO DO TAUAPE,,2011072312,25.294086285055755,2011-07-22,2011,29,204
SAO JOAO DO TAUAPE,,2011072412,25.038785207616684,2011-07-23,2011,30,205
SAO JOAO DO TAUAPE,,2011072512,25.07163369668598,2011-07-24,2011,30,206
SAO JOAO DO TAUAPE,,2011072612,25.491551561227425,2011-07-25,2011,30,207
SAO JOAO DO TAUAPE,,2011072712,24.981136577227232,2011-07-26,2011,30,208
SAO JOAO DO TAUAPE,,2011072812,25.569976159062435,2011-07-27,2011,30,209
SAO JOAO DO TAUAPE,,2011072912,25.950588139247373,2011-07-28,2011,30,210
SAO JOAO DO TAUAPE,,2011073012,25.589816272118583,2011-07-29,2011,30,211
SAO JOAO DO TAUAPE,,2011073112,26.056058928937205,2011-07-30,2011,31,212
SAO JOAO DO TAUAPE,,2011080112,25.936550323405754,2011-07-31,2011,31,213
SAO JOAO DO TAUAPE,,2011080212,26.233964848369567,2011-08-01,2011,31,214
SAO JOAO DO TAUAPE,,2011080312,27.14099492261414,2011-08-02,2011,31,215
SAO JOAO DO TAUAPE,,2011080412,25.53871862245512,2011-08-03,2011,31,216
SAO JOAO DO TAUAPE,,2011080512,27.024293880251093,2011-08-04,2011,31,217
SAO JOAO DO TAUAPE,,2011080612,26.485054581056147,2011-08-05,2011,31,218
SAO JOAO DO TAUAPE,,2011080712,26.3119215190099,2011-08-06,2011,32,219
SAO JOAO DO TAUAPE,,2011080812,26.341026590521437,2011-08-07,2011,32,220
SAO JOAO DO TAUAPE,,2011080912,27.207908511459095,2011-08-08,2011,32,221
SAO JOAO DO TAUAPE,,2011081012,27.307389833056448,2011-08-09,2011,32,222
SAO JOAO DO TAUAPE,,2011081112,27.44954611481228,2011-08-10,2011,32,223
SAO JOAO DO TAUAPE,,2011081212,27.077918336765947,2011-08-11,2011,32,224
SAO JOAO DO TAUAPE,,2011081312,26.897953537676813,2011-08-12,2011,32,225
SAO JOAO DO TAUAPE,,2011081412,27.047783825425995,2011-08-13,2011,33,226
SAO JOAO DO TAUAPE,,2011081512,27.315344595366696,2011-08-14,2011,33,227
SAO JOAO DO TAUAPE,,2011081612,26.013383968778726,2011-08-15,2011,33,228
SAO JOAO DO TAUAPE,,2011081712,26.50442676691756,2011-08-16,2011,33,229
SAO JOAO DO TAUAPE,,2011081812,26.395493315986812,2011-08-17,2011,33,230
SAO JOAO DO TAUAPE,,2011081912,26.494974637584164,2011-08-18,2011,33,231
SAO JOAO DO TAUAPE,,2011082012,26.768056948422554,2011-08-19,2011,33,232
SAO JOAO DO TAUAPE,,2011082112,26.85808614068668,2011-08-20,2011,34,233
SAO JOAO DO TAUAPE,,2011082212,26.728563893188266,2011-08-21,2011,34,234
SAO JOAO DO TAUAPE,,2011082312,26.39614841405944,2011-08-22,2011,34,235
SAO JOAO DO TAUAPE,,2011082412,27.03786376889792,2011-08-23,2011,34,236
SAO JOAO DO TAUAPE,,2011082512,27.19770769861418,2011-08-24,2011,34,237
SAO JOAO DO TAUAPE,,2011082612,23.259632427853603,2011-08-25,2011,34,238
SAO JOAO DO TAUAPE,,2011082712,26.161997645821714,2011-08-26,2011,34,239
SAO JOAO DO TAUAPE,,2011082812,26.01291604158405,2011-08-27,2011,35,240
SAO JOAO DO TAUAPE,,2011082912,26.215809273214518,2011-08-28,2011,35,241
SAO JOAO DO TAUAPE,,2011083012,26.04192752765664,2011-08-29,2011,35,242
SAO JOAO DO TAUAPE,,2011083112,26.436577323683196,2011-08-30,2011,35,243
SAO JOAO DO TAUAPE,,2011090112,26.432553149808598,2011-08-31,2011,35,244
SAO JOAO DO TAUAPE,,2011090212,26.582477022996784,2011-09-01,2011,35,245
SAO JOAO DO TAUAPE,,2011090312,27.028224468686744,2011-09-02,2011,35,246
SAO JOAO DO TAUAPE,,2011090412,26.124563470244084,2011-09-03,2011,36,247
SAO JOAO DO TAUAPE,,2011090512,26.524173294534762,2011-09-04,2011,36,248
SAO JOAO DO TAUAPE,,2011090612,26.685514591274,2011-09-05,2011,36,249
SAO JOAO DO TAUAPE,,2011090712,26.88784631027079,2011-09-06,2011,36,250
SAO JOAO DO TAUAPE,,2011090812,27.030376933782463,2011-09-07,2011,36,251
SAO JOAO DO TAUAPE,,2011090912,26.43741959263366,2011-09-08,2011,36,252
SAO JOAO DO TAUAPE,,2011091012,26.983958556066227,2011-09-09,2011,36,253
SAO JOAO DO TAUAPE,,2011091112,28.166036235367017,2011-09-10,2011,37,254
SAO JOAO DO TAUAPE,,2011091212,27.47181944928093,2011-09-11,2011,37,255
SAO JOAO DO TAUAPE,,2011091312,27.60536587065394,2011-09-12,2011,37,256
SAO JOAO DO TAUAPE,,2011091412,28.215355761690432,2011-09-13,2011,37,257
SAO JOAO DO TAUAPE,,2011091512,28.153870128304277,2011-09-14,2011,37,258
SAO JOAO DO TAUAPE,,2011091612,28.196732259340592,2011-09-15,2011,37,259
SAO JOAO DO TAUAPE,,2011091712,27.681918759710015,2011-09-16,2011,37,260
SAO JOAO DO TAUAPE,,2011091812,27.246465712303973,2011-09-17,2011,38,261
SAO JOAO DO TAUAPE,,2011091912,27.286520280172,2011-09-18,2011,38,262
SAO JOAO DO TAUAPE,,2011092012,26.998932226297256,2011-09-19,2011,38,263
SAO JOAO DO TAUAPE,,2011092112,27.22643842836999,2011-09-20,2011,38,264
SAO JOAO DO TAUAPE,,2011092212,27.525537491234786,2011-09-21,2011,38,265
SAO JOAO DO TAUAPE,,2011092312,28.74336480821205,2011-09-22,2011,38,266
SAO JOAO DO TAUAPE,,2011092412,28.55778488278628,2011-09-23,2011,38,267
SAO JOAO DO TAUAPE,,2011092512,27.85402238192796,2011-09-24,2011,39,268
SAO JOAO DO TAUAPE,,2011092612,28.632091721307802,2011-09-25,2011,39,269
SAO JOAO DO TAUAPE,,2011092712,28.534294937611378,2011-09-26,2011,39,270
SAO JOAO DO TAUAPE,,2011092812,28.453811460119596,2011-09-27,2011,39,271
SAO JOAO DO TAUAPE,,2011092912,27.838112857307465,2011-09-28,2011,39,272
SAO JOAO DO TAUAPE,,2011093012,28.064776790429676,2011-09-29,2011,39,273
SAO JOAO DO TAUAPE,,2011100112,27.49100446426445,2011-09-30,2011,39,274
SAO JOAO DO TAUAPE,,2011100212,27.739005877465843,2011-10-01,2011,40,275
SAO JOAO DO TAUAPE,,2011100312,27.682293101465802,2011-10-02,2011,40,276
SAO JOAO DO TAUAPE,,2011100412,28.14881651460132,2011-10-03,2011,40,277
SAO JOAO DO TAUAPE,,2011100512,28.566769084924886,2011-10-04,2011,40,278
SAO JOAO DO TAUAPE,,2011100612,28.44688613763776,2011-10-05,2011,40,279
SAO JOAO DO TAUAPE,,2011100712,27.992809587881766,2011-10-06,2011,40,280
SAO JOAO DO TAUAPE,,2011100812,27.632505647947653,2011-10-07,2011,40,281
SAO JOAO DO TAUAPE,,2011100912,28.364156609611314,2011-10-08,2011,41,282
SAO JOAO DO TAUAPE,,2011101012,28.119149930456047,2011-10-09,2011,41,283
SAO JOAO DO TAUAPE,,2011101112,28.173335899604638,2011-10-10,2011,41,284
SAO JOAO DO TAUAPE,,2011101212,28.580713315327557,2011-10-11,2011,41,285
SAO JOAO DO TAUAPE,,2011101312,27.78168083762432,2011-10-12,2011,41,286
SAO JOAO DO TAUAPE,,2011101412,27.15035346650859,2011-10-13,2011,41,287
SAO JOAO DO TAUAPE,,2011101512,27.47631155035026,2011-10-14,2011,41,288
SAO JOAO DO TAUAPE,,2011101612,27.847190644885018,2011-10-15,2011,42,289
SAO JOAO DO TAUAPE,,2011101712,28.506219305928198,2011-10-16,2011,42,290
SAO JOAO DO TAUAPE,,2011101812,28.082558023828994,2011-10-17,2011,42,291
SAO JOAO DO TAUAPE,,2011101912,28.03202188679927,2011-10-18,2011,42,292
SAO JOAO DO TAUAPE,,2011102012,26.134015599577424,2011-10-19,2011,42,293
SAO JOAO DO TAUAPE,,2011102112,26.538304695815214,2011-10-20,2011,42,294
SAO JOAO DO TAUAPE,,2011102212,27.890895044871854,2011-10-21,2011,42,295
SAO JOAO DO TAUAPE,,2011102312,28.545993117479384,2011-10-22,2011,43,296
SAO JOAO DO TAUAPE,,2011102412,28.599430403116344,2011-10-23,2011,43,297
SAO JOAO DO TAUAPE,,2011102512,28.445014428858826,2011-10-24,2011,43,298
SAO JOAO DO TAUAPE,,2011102612,28.32456996893802,2011-10-25,2011,43,299
SAO JOAO DO TAUAPE,,2011102712,28.525872248106396,2011-10-26,2011,43,300
SAO JOAO DO TAUAPE,,2011102812,28.436685324792847,2011-10-27,2011,43,301
SAO JOAO DO TAUAPE,,2011102912,27.292228991947525,2011-10-28,2011,43,302
SAO JOAO DO TAUAPE,,2011103012,28.746827469453024,2011-10-29,2011,44,303
SAO JOAO DO TAUAPE,,2011103112,28.43968005883903,2011-10-31,2011,44,304
SAO JOAO DO TAUAPE,,2011110112,28.191959401954477,2011-11-01,2011,44,305
SAO JOAO DO TAUAPE,,2011110212,28.97695406381615,2011-11-02,2011,44,306
SAO JOAO DO TAUAPE,,2011110312,27.985790679960985,2011-11-03,2011,44,307
SAO JOAO DO TAUAPE,,2011110412,28.254661646046884,2011-11-04,2011,44,308
SAO JOAO DO TAUAPE,,2011110512,28.066648499208554,2011-11-05,2011,45,309
SAO JOAO DO TAUAPE,,2011110612,28.3631271697829,2011-11-06,2011,45,310
SAO JOAO DO TAUAPE,,2011110712,28.40336890852882,2011-11-07,2011,45,311
SAO JOAO DO TAUAPE,,2011110812,28.56021810419884,2011-11-08,2011,45,312
SAO JOAO DO TAUAPE,,2011110912,28.468691544911678,2011-11-09,2011,45,313
SAO JOAO DO TAUAPE,,2011111012,28.530083592858887,2011-11-10,2011,45,314
SAO JOAO DO TAUAPE,,2011111112,29.102826479195755,2011-11-11,2011,45,315
SAO JOAO DO TAUAPE,,2011111212,28.2424955389842,2011-11-12,2011,46,316
SAO JOAO DO TAUAPE,,2011111312,28.0221954157102,2011-11-13,2011,46,317
SAO JOAO DO TAUAPE,,2011111412,27.230836944000316,2011-11-14,2011,46,318
SAO JOAO DO TAUAPE,,2011111512,27.59086012761759,2011-11-15,2011,46,319
SAO JOAO DO TAUAPE,,2011111612,28.379317450720237,2011-11-16,2011,46,320
SAO JOAO DO TAUAPE,,2011111712,28.642198948713713,2011-11-17,2011,46,321
SAO JOAO DO TAUAPE,,2011111812,28.69722718681271,2011-11-18,2011,46,322
SAO JOAO DO TAUAPE,,2011111912,28.685435421505815,2011-11-19,2011,47,323
SAO JOAO DO TAUAPE,,2011112012,28.24277629530104,2011-11-20,2011,47,324
SAO JOAO DO TAUAPE,,2011112112,28.042877797716812,2011-11-21,2011,47,325
SAO JOAO DO TAUAPE,,2011112212,27.644671755010336,2011-11-22,2011,47,326
SAO JOAO DO TAUAPE,,2011112312,28.648562758561923,2011-11-23,2011,47,327
SAO JOAO DO TAUAPE,,2011112412,28.572197040383685,2011-11-24,2011,47,328
SAO JOAO DO TAUAPE,,2011112512,28.299769827617865,2011-11-25,2011,47,329
SAO JOAO DO TAUAPE,,2011112612,28.324102041743345,2011-11-26,2011,48,330
SAO JOAO DO TAUAPE,,2011112712,27.27444775854815,2011-11-27,2011,48,331
SAO JOAO DO TAUAPE,,2011112812,27.851869916832243,2011-11-28,2011,48,332
SAO JOAO DO TAUAPE,,2011112912,27.895480731380076,2011-11-29,2011,48,333
SAO JOAO DO TAUAPE,,2011113012,27.778498932700188,2011-11-30,2011,48,334
SAO JOAO DO TAUAPE,,2011120112,27.506446061690212,2011-12-01,2011,48,335
SAO JOAO DO TAUAPE,,2011120212,28.08031197329433,2011-12-02,2011,48,336
SAO JOAO DO TAUAPE,,2011120312,28.375854789479263,2011-12-03,2011,49,337
SAO JOAO DO TAUAPE,,2011120412,27.936096811881782,2011-12-04,2011,49,338
SAO JOAO DO TAUAPE,,2011120512,28.436685324792847,2011-12-05,2011,49,339
SAO JOAO DO TAUAPE,,2011120612,27.658896741729848,2011-12-06,2011,49,340
SAO JOAO DO TAUAPE,,2011120712,28.189245424225078,2011-12-07,2011,49,341
SAO JOAO DO TAUAPE,,2011120812,28.214607078178915,2011-12-08,2011,49,342
SAO JOAO DO TAUAPE,,2011120912,28.292002236185567,2011-12-09,2011,49,343
SAO JOAO DO TAUAPE,,2011121012,28.750945228766568,2011-12-10,2011,50,344
SAO JOAO DO TAUAPE,,2011121112,28.388208067419896,2011-12-11,2011,50,345
SAO JOAO DO TAUAPE,,2011121212,28.53728967165756,2011-12-12,2011,50,346
SAO JOAO DO TAUAPE,,2011121312,27.658428814535114,2011-12-13,2011,50,347
SAO JOAO DO TAUAPE,,2011121412,28.251854082878594,2011-12-14,2011,50,348
SAO JOAO DO TAUAPE,,2011121512,28.15040746706336,2011-12-15,2011,50,349
SAO JOAO DO TAUAPE,,2011121612,27.479587040713284,2011-12-16,2011,50,350
SAO JOAO DO TAUAPE,,2011121712,28.736345900291326,2011-12-17,2011,51,351
SAO JOAO DO TAUAPE,,2011121812,28.46803644683905,2011-12-18,2011,51,352
SAO JOAO DO TAUAPE,,2011121912,28.5925986660734,2011-12-19,2011,51,353
SAO JOAO DO TAUAPE,,2011122012,29.03984347878645,2011-12-20,2011,51,354
SAO JOAO DO TAUAPE,,2011122112,27.720850302310737,2011-12-21,2011,51,355
SAO JOAO DO TAUAPE,,2011122212,27.074549260963977,2011-12-22,2011,51,356
SAO JOAO DO TAUAPE,,2011122312,27.57120718543939,2011-12-23,2011,51,357
SAO JOAO DO TAUAPE,,2011122412,28.295090555670697,2011-12-24,2011,52,358
SAO JOAO DO TAUAPE,,2011122512,27.14314738770986,2011-12-25,2011,52,359
SAO JOAO DO TAUAPE,,2011122612,28.62479205707018,2011-12-26,2011,52,360
SAO JOAO DO TAUAPE,,2011122712,27.54799799658133,2011-12-27,2011,52,361
SAO JOAO DO TAUAPE,,2011122812,28.29321884689182,2011-12-28,2011,52,362
SAO JOAO DO TAUAPE,,2011122912,28.463357174891883,2011-12-29,2011,52,363
SAO JOAO DO TAUAPE,,2011123012,28.516981631406736,2011-12-30,2011,52,364
SAO JOAO DO TAUAPE,,2011123112,28.329342826324137,2011-12-31,2011,53,365
SAO JOAO DO TAUAPE,,2012010112,28.22059654627128,2012-01-01,2012,1,366
SAO JOAO DO TAUAPE,,2012010212,26.741104342006736,2012-01-02,2012,1,367
SAO JOAO DO TAUAPE,,2012010312,27.039829063115747,2012-01-03,2012,1,368
SAO JOAO DO TAUAPE,,2012010412,27.648321587129203,2012-01-04,2012,1,369
SAO JOAO DO TAUAPE,,2012010512,27.73816360851538,2012-01-05,2012,1,370
SAO JOAO DO TAUAPE,,2012010612,27.97278230394778,2012-01-06,2012,1,371
SAO JOAO DO TAUAPE,,2012010712,27.962113563908133,2012-01-07,2012,1,372
SAO JOAO DO TAUAPE,,2012010812,28.46317000401399,2012-01-08,2012,2,373
SAO JOAO DO TAUAPE,,2012010912,25.680687733333116,2012-01-09,2012,2,374
SAO JOAO DO TAUAPE,,2012011012,27.961926393030296,2012-01-10,2012,2,375
SAO JOAO DO TAUAPE,,2012011112,28.110820826390068,2012-01-11,2012,2,376
SAO JOAO DO TAUAPE,,2012011212,28.316895962944614,2012-01-12,2012,2,377
SAO JOAO DO TAUAPE,,2012011312,27.28867274526766,2012-01-13,2012,2,378
SAO JOAO DO TAUAPE,,2012011412,27.453570288686876,2012-01-14,2012,2,379
SAO JOAO DO TAUAPE,,2012011512,28.520069950891866,2012-01-15,2012,3,380
SAO JOAO DO TAUAPE,,2012011612,27.656650691195182,2012-01-16,2012,3,381
SAO JOAO DO TAUAPE,,2012011712,28.28779089143302,2012-01-17,2012,3,382
SAO JOAO DO TAUAPE,,2012011812,27.95350370352537,2012-01-18,2012,3,383
SAO JOAO DO TAUAPE,,2012011912,26.576019627709684,2012-01-19,2012,3,384
SAO JOAO DO TAUAPE,,2012012012,26.062890665980092,2012-01-20,2012,3,385
SAO JOAO DO TAUAPE,,2012012112,26.701798457650284,2012-01-21,2012,3,386
SAO JOAO DO TAUAPE,,2012012212,27.459934098535086,2012-01-22,2012,4,387
SAO JOAO DO TAUAPE,,2012012312,26.257454793544525,2012-01-23,2012,4,388
SAO JOAO DO TAUAPE,,2012012412,26.129991425702883,2012-01-24,2012,4,389
SAO JOAO DO TAUAPE,,2012012512,26.345705862468662,2012-01-25,2012,4,390
SAO JOAO DO TAUAPE,,2012012612,27.784114059036824,2012-01-26,2012,4,391
SAO JOAO DO TAUAPE,,2012012712,27.995804321928006,2012-01-27,2012,4,392
SAO JOAO DO TAUAPE,,2012012812,28.116342367287757,2012-01-28,2012,4,393
SAO JOAO DO TAUAPE,,2012012912,28.4182489933209,2012-01-29,2012,5,394
SAO JOAO DO TAUAPE,,2012013012,27.70241397083879,2012-01-30,2012,5,395
SAO JOAO DO TAUAPE,,2012013112,28.398315294825807,2012-01-31,2012,5,396
SAO JOAO DO TAUAPE,,2012020112,28.21142517325484,2012-02-01,2012,5,397
SAO JOAO DO TAUAPE,,2012020212,28.042316285083132,2012-02-02,2012,5,398
SAO JOAO DO TAUAPE,,2012020312,27.538826623564773,2012-02-03,2012,5,399
SAO JOAO DO TAUAPE,,2012020412,28.43574947040338,2012-02-04,2012,5,400
SAO JOAO DO TAUAPE,,2012020512,28.744581418918415,2012-02-05,2012,6,401
SAO JOAO DO TAUAPE,,2012020612,28.664097941426576,2012-02-06,2012,6,402
SAO JOAO DO TAUAPE,,2012020712,28.7921228219019,2012-02-07,2012,6,403
SAO JOAO DO TAUAPE,,2012020812,28.586796368858927,2012-02-08,2012,6,404
SAO JOAO DO TAUAPE,,2012020912,27.51112533363738,2012-02-09,2012,6,405
SAO JOAO DO TAUAPE,,2012021012,25.665246135907296,2012-02-10,2012,6,406
SAO JOAO DO TAUAPE,,2012021112,26.49263500161061,2012-02-11,2012,6,407
SAO JOAO DO TAUAPE,,2012021212,27.892953924528626,2012-02-12,2012,7,408
SAO JOAO DO TAUAPE,,2012021312,27.980362724502243,2012-02-13,2012,7,409
SAO JOAO DO TAUAPE,,2012021412,26.22713311132668,2012-02-14,2012,7,410
SAO JOAO DO TAUAPE,,2012021512,26.199151065082447,2012-02-15,2012,7,411
SAO JOAO DO TAUAPE,,2012021612,24.629629668553775,2012-02-16,2012,7,412
SAO JOAO DO TAUAPE,,2012021712,23.696114915088174,2012-02-17,2012,7,413
SAO JOAO DO TAUAPE,,2012021812,24.823257941728798,2012-02-18,2012,7,414
SAO JOAO DO TAUAPE,,2012021912,25.60535145498318,2012-02-19,2012,8,415
SAO JOAO DO TAUAPE,,2012022012,25.782415105465134,2012-02-20,2012,8,416
SAO JOAO DO TAUAPE,,2012022112,25.71821549434958,2012-02-21,2012,8,417
SAO JOAO DO TAUAPE,,2012022212,26.971698863564598,2012-02-22,2012,8,418
SAO JOAO DO TAUAPE,,2012022312,26.32333894256101,2012-02-23,2012,8,419
SAO JOAO DO TAUAPE,,2012022412,25.825183651062503,2012-02-24,2012,8,420
SAO JOAO DO TAUAPE,,2012022512,25.927004608633524,2012-02-25,2012,8,421
SAO JOAO DO TAUAPE,,2012022612,26.320063452198042,2012-02-26,2012,9,422
SAO JOAO DO TAUAPE,,2012022712,25.128159301808125,2012-02-27,2012,9,423
SAO JOAO DO TAUAPE,,2012022812,25.57203503871915,2012-02-28,2012,9,424
SAO JOAO DO TAUAPE,,2012022912,25.37728374027688,2012-02-29,2012,9,425
SAO JOAO DO TAUAPE,,2012030112,26.85200308715531,2012-03-01,2012,9,426
SAO JOAO DO TAUAPE,,2012030212,27.054521977029935,2012-03-02,2012,9,427
SAO JOAO DO TAUAPE,,2012030312,26.729499747577734,2012-03-03,2012,9,428
SAO JOAO DO TAUAPE,,2012030412,26.202239384567633,2012-03-04,2012,10,429
SAO JOAO DO TAUAPE,,2012030512,26.12119439444217,2012-03-05,2012,10,430
SAO JOAO DO TAUAPE,,2012030612,27.191531059643864,2012-03-06,2012,10,431
SAO JOAO DO TAUAPE,,2012030712,27.59132805481238,2012-03-07,2012,10,432
SAO JOAO DO TAUAPE,,2012030812,26.70217279940607,2012-03-08,2012,10,433
SAO JOAO DO TAUAPE,,2012030912,26.271399023947197,2012-03-09,2012,10,434
SAO JOAO DO TAUAPE,,2012031012,25.379904132567276,2012-03-10,2012,10,435
SAO JOAO DO TAUAPE,,2012031112,25.78615852302289,2012-03-11,2012,11,436
SAO JOAO DO TAUAPE,,2012031212,25.537782768065654,2012-03-12,2012,11,437
SAO JOAO DO TAUAPE,,2012031312,26.17397658200656,2012-03-13,2012,11,438
SAO JOAO DO TAUAPE,,2012031412,26.24051582909567,2012-03-14,2012,11,439
SAO JOAO DO TAUAPE,,2012031512,26.087129294666568,2012-03-15,2012,11,440
SAO JOAO DO TAUAPE,,2012031612,27.27248246433038,2012-03-16,2012,11,441
SAO JOAO DO TAUAPE,,2012031712,27.653468786271105,2012-03-17,2012,11,442
SAO JOAO DO TAUAPE,,2012031812,26.961123708963896,2012-03-18,2012,12,443
SAO JOAO DO TAUAPE,,2012031912,26.569562232422527,2012-03-19,2012,12,444
SAO JOAO DO TAUAPE,,2012032012,25.73215972475225,2012-03-20,2012,12,445
SAO JOAO DO TAUAPE,,2012032112,27.79768394768371,2012-03-21,2012,12,446
SAO JOAO DO TAUAPE,,2012032212,26.465588809755786,2012-03-22,2012,12,447
SAO JOAO DO TAUAPE,,2012032312,26.245663028237573,2012-03-23,2012,12,448
SAO JOAO DO TAUAPE,,2012032412,25.78803023180177,2012-03-24,2012,12,449
SAO JOAO DO TAUAPE,,2012032512,26.501151276554538,2012-03-25,2012,13,450
SAO JOAO DO TAUAPE,,2012032612,26.64480492533346,2012-03-25,2012,13,451
SAO JOAO DO TAUAPE,,2012032712,26.055123074547737,2012-03-26,2012,13,452
SAO JOAO DO TAUAPE,,2012032812,26.611020581874698,2012-03-27,2012,13,453
SAO JOAO DO TAUAPE,,2012032912,26.12025854005276,2012-03-28,2012,13,454
SAO JOAO DO TAUAPE,,2012033012,27.026165589029972,2012-03-29,2012,13,455
SAO JOAO DO TAUAPE,,2012033112,27.677801000396528,2012-03-30,2012,13,456
SAO JOAO DO TAUAPE,,2012040112,27.554361806429483,2012-03-31,2012,13,457
SAO JOAO DO TAUAPE,,2012040212,27.158027472501942,2012-04-01,2012,14,458
SAO JOAO DO TAUAPE,,2012040312,27.766800752832182,2012-04-02,2012,14,459
SAO JOAO DO TAUAPE,,2012040412,27.207627755142198,2012-04-03,2012,14,460
SAO JOAO DO TAUAPE,,2012040512,26.90450451840286,2012-04-04,2012,14,461
SAO JOAO DO TAUAPE,,2012040612,28.24324422249572,2012-04-05,2012,14,462
SAO JOAO DO TAUAPE,,2012040712,26.679057195986957,2012-04-06,2012,14,463
SAO JOAO DO TAUAPE,,2012040812,27.05583217317519,2012-04-07,2012,14,464
SAO JOAO DO TAUAPE,,2012040912,27.520951804726508,2012-04-08,2012,15,465
SAO JOAO DO TAUAPE,,2012041012,27.835398879578065,2012-04-09,2012,15,466
SAO JOAO DO TAUAPE,,2012041112,27.413141379063063,2012-04-10,2012,15,467
SAO JOAO DO TAUAPE,,2012041212,27.087744807855074,2012-04-11,2012,15,468
SAO JOAO DO TAUAPE,,2012041312,27.7216925712612,2012-04-12,2012,15,469
SAO JOAO DO TAUAPE,,2012041412,27.873020226033532,2012-04-13,2012,15,470
SAO JOAO DO TAUAPE,,2012041512,27.251987253201605,2012-04-14,2012,15,471
SAO JOAO DO TAUAPE,,2012041612,26.473169230310305,2012-04-15,2012,16,472
SAO JOAO DO TAUAPE,,2012041712,26.381549085584197,2012-04-16,2012,16,473
SAO JOAO DO TAUAPE,,2012041812,26.077489994455334,2012-04-17,2012,16,474
SAO JOAO DO TAUAPE,,2012041912,26.413180963947184,2012-04-18,2012,16,475
SAO JOAO DO TAUAPE,,2012042012,26.103881088237586,2012-04-19,2012,16,476
SAO JOAO DO TAUAPE,,2012042112,26.73183938355129,2012-04-20,2012,16,477
SAO JOAO DO TAUAPE,,2012042212,26.911336255445747,2012-04-21,2012,16,478
SAO JOAO DO TAUAPE,,2012042312,26.95485348455469,2012-04-22,2012,17,479
SAO JOAO DO TAUAPE,,2012042412,27.599750744317248,2012-04-23,2012,17,480
SAO JOAO DO TAUAPE,,2012042512,26.70348299555127,2012-04-24,2012,17,481
SAO JOAO DO TAUAPE,,2012042612,26.53016276262713,2012-04-25,2012,17,482
SAO JOAO DO TAUAPE,,2012042712,27.192747670350172,2012-04-26,2012,17,483
SAO JOAO DO TAUAPE,,2012042812,27.413983648013584,2012-04-27,2012,17,484
SAO JOAO DO TAUAPE,,2012042912,27.774661929703484,2012-04-28,2012,17,485
SAO JOAO DO TAUAPE,,2012043012,27.787389549399904,2012-04-29,2012,18,486
SAO JOAO DO TAUAPE,,2012050112,27.893141095406463,2012-04-30,2012,18,487
SAO JOAO DO TAUAPE,,2012050212,28.0996841591558,2012-05-01,2012,18,488
SAO JOAO DO TAUAPE,,2012050312,27.4806164805417,2012-05-02,2012,18,489
SAO JOAO DO TAUAPE,,2012050412,27.785330669743075,2012-05-03,2012,18,490
SAO JOAO DO TAUAPE,,2012050512,27.722441254772775,2012-05-04,2012,18,491
SAO JOAO DO TAUAPE,,2012050612,28.30454268500398,2012-05-05,2012,18,492
SAO JOAO DO TAUAPE,,2012050712,28.23800343791487,2012-05-06,2012,19,493
SAO JOAO DO TAUAPE,,2012050812,28.56414869263449,2012-05-07,2012,19,494
SAO JOAO DO TAUAPE,,2012050912,28.427326780898454,2012-05-08,2012,19,495
SAO JOAO DO TAUAPE,,2012051012,27.692493914310717,2012-05-09,2012,19,496
SAO JOAO DO TAUAPE,,2012051112,27.495964492528515,2012-05-10,2012,19,497
SAO JOAO DO TAUAPE,,2012051212,26.901509784356676,2012-05-11,2012,19,498
SAO JOAO DO TAUAPE,,2012051312,27.834369439749707,2012-05-12,2012,19,499
SAO JOAO DO TAUAPE,,2012051412,27.412392695551546,2012-05-13,2012,20,500
SAO JOAO DO TAUAPE,,2012051512,27.642238533597833,2012-05-14,2012,20,501
SAO JOAO DO TAUAPE,,2012051612,28.392138655855547,2012-05-15,2012,20,502
SAO JOAO DO TAUAPE,,2012051712,27.29335201721483,2012-05-16,2012,20,503
SAO JOAO DO TAUAPE,,2012051812,27.878073839736544,2012-05-17,2012,20,504
SAO JOAO DO TAUAPE,,2012051912,27.095418813848482,2012-05-18,2012,20,505
SAO JOAO DO TAUAPE,,2012052012,27.297937703723107,2012-05-19,2012,20,506
SAO JOAO DO TAUAPE,,2012052112,27.810037225624285,2012-05-20,2012,21,507
SAO JOAO DO TAUAPE,,2012052212,28.458209975749924,2012-05-21,2012,21,508
SAO JOAO DO TAUAPE,,2012052312,26.01048282017149,2012-05-22,2012,21,509
SAO JOAO DO TAUAPE,,2012052412,25.60319898988746,2012-05-23,2012,21,510
SAO JOAO DO TAUAPE,,2012052512,26.53746242686475,2012-05-24,2012,21,511
SAO JOAO DO TAUAPE,,2012052612,27.07202245411247,2012-05-25,2012,21,512
SAO JOAO DO TAUAPE,,2012052712,26.240047901900937,2012-05-26,2012,21,513
SAO JOAO DO TAUAPE,,2012052812,26.846013619062887,2012-05-27,2012,22,514
SAO JOAO DO TAUAPE,,2012052912,26.98143174921472,2012-05-28,2012,22,515
SAO JOAO DO TAUAPE,,2012053012,26.50302298533336,2012-05-29,2012,22,516
SAO JOAO DO TAUAPE,,2012053112,26.955321411749424,2012-05-30,2012,22,517
SAO JOAO DO TAUAPE,,2012060112,27.24375173457463,2012-05-31,2012,22,518
SAO JOAO DO TAUAPE,,2012060212,26.537088085108962,2012-06-01,2012,22,519
SAO JOAO DO TAUAPE,,2012060312,26.716772127881313,2012-06-02,2012,22,520
SAO JOAO DO TAUAPE,,2012060412,26.329234825214485,2012-06-03,2012,23,521
SAO JOAO DO TAUAPE,,2012060512,27.228403722587814,2012-06-04,2012,23,522
SAO JOAO DO TAUAPE,,2012060612,27.81284478879263,2012-06-05,2012,23,523
SAO JOAO DO TAUAPE,,2012060712,26.79220199167014,2012-06-06,2012,23,524
SAO JOAO DO TAUAPE,,2012060812,27.085966684515142,2012-06-07,2012,23,525
SAO JOAO DO TAUAPE,,2012060912,27.474627012449275,2012-06-08,2012,23,526
SAO JOAO DO TAUAPE,,2012061012,27.586835953743048,2012-06-09,2012,23,527
SAO JOAO DO TAUAPE,,2012061112,27.87507910569036,2012-06-10,2012,24,528
SAO JOAO DO TAUAPE,,2012061212,25.425105899577204,2012-06-11,2012,24,529
SAO JOAO DO TAUAPE,,2012061312,26.41355530570297,2012-06-12,2012,24,530
SAO JOAO DO TAUAPE,,2012061412,27.743685149413068,2012-06-13,2012,24,531
SAO JOAO DO TAUAPE,,2012061512,27.47911911351855,2012-06-14,2012,24,532
SAO JOAO DO TAUAPE,,2012061612,27.88612218748574,2012-06-15,2012,24,533
SAO JOAO DO TAUAPE,,2012061712,26.411028498851465,2012-06-16,2012,24,534
SAO JOAO DO TAUAPE,,2012061812,26.888594993782363,2012-06-17,2012,25,535
SAO JOAO DO TAUAPE,,2012061912,26.868380538970484,2012-06-18,2012,25,536
SAO JOAO DO TAUAPE,,2012062012,26.889811604488614,2012-06-19,2012,25,537
SAO JOAO DO TAUAPE,,2012062112,27.60976438628427,2012-06-20,2012,25,538
SAO JOAO DO TAUAPE,,2012062212,26.10200937945865,2012-06-21,2012,25,539
SAO JOAO DO TAUAPE,,2012062312,25.728884234389227,2012-06-22,2012,25,540
SAO JOAO DO TAUAPE,,2012062412,26.36348709586798,2012-06-23,2012,25,541
SAO JOAO DO TAUAPE,,2012062512,27.020550462693336,2012-06-24,2012,26,542
SAO JOAO DO TAUAPE,,2012062612,27.029160323076212,2012-06-25,2012,26,543
SAO JOAO DO TAUAPE,,2012062712,26.609429629412602,2012-06-26,2012,26,544
SAO JOAO DO TAUAPE,,2012062812,26.50302298533336,2012-06-27,2012,26,545
SAO JOAO DO TAUAPE,,2012062912,25.376347885887412,2012-06-28,2012,26,546
SAO JOAO DO TAUAPE,,2012063012,26.853406868739455,2012-06-29,2012,26,547
SAO JOAO DO TAUAPE,,2012070112,26.76936714456781,2012-06-30,2012,26,548
SAO JOAO DO TAUAPE,,2012070212,25.630525938059122,2012-07-01,2012,27,549
SAO JOAO DO TAUAPE,,2012070312,26.361521801650156,2012-07-02,2012,27,550
SAO JOAO DO TAUAPE,,2012070412,25.998784640303484,2012-07-03,2012,27,551
SAO JOAO DO TAUAPE,,2012070512,26.36077311813858,2012-07-04,2012,27,552
SAO JOAO DO TAUAPE,,2012070612,26.55365270780203,2012-07-05,2012,27,553
SAO JOAO DO TAUAPE,,2012070712,26.222921766574245,2012-07-06,2012,27,554
SAO JOAO DO TAUAPE,,2012070812,27.64654346378927,2012-07-07,2012,27,555
SAO JOAO DO TAUAPE,,2012070912,27.645233267644016,2012-07-08,2012,28,556
SAO JOAO DO TAUAPE,,2012071012,27.10814643354479,2012-07-09,2012,28,557
SAO JOAO DO TAUAPE,,2012071112,26.2133760518019,2012-07-10,2012,28,558
SAO JOAO DO TAUAPE,,2012071212,26.802964317148678,2012-07-11,2012,28,559
SAO JOAO DO TAUAPE,,2012071312,27.55894749293776,2012-07-12,2012,28,560
SAO JOAO DO TAUAPE,,2012071412,27.381041573505286,2012-07-13,2012,28,561
SAO JOAO DO TAUAPE,,2012071512,26.33054502135974,2012-07-14,2012,28,562
SAO JOAO DO TAUAPE,,2012071612,26.388942335260708,2012-07-15,2012,29,563
SAO JOAO DO TAUAPE,,2012071712,26.667171845241057,2012-07-16,2012,29,564
SAO JOAO DO TAUAPE,,2012071812,26.725194817386296,2012-07-17,2012,29,565
SAO JOAO DO TAUAPE,,2012071912,26.528197468409303,2012-07-18,2012,29,566
SAO JOAO DO TAUAPE,,2012072012,26.64789324481859,2012-07-19,2012,29,567
SAO JOAO DO TAUAPE,,2012072112,26.463342759221177,2012-07-20,2012,29,568
SAO JOAO DO TAUAPE,,2012072212,26.681584002838406,2012-07-21,2012,29,569
SAO JOAO DO TAUAPE,,2012072312,26.195781989280476,2012-07-22,2012,30,570
SAO JOAO DO TAUAPE,,2012072412,26.943342475564577,2012-07-23,2012,30,571
SAO JOAO DO TAUAPE,,2012072512,27.12358803097061,2012-07-24,2012,30,572
SAO JOAO DO TAUAPE,,2012072612,26.75373837626421,2012-07-25,2012,30,573
SAO JOAO DO TAUAPE,,2012072712,27.076795311498586,2012-07-26,2012,30,574
SAO JOAO DO TAUAPE,,2012072812,27.07483001728076,2012-07-27,2012,30,575
SAO JOAO DO TAUAPE,,2012072912,26.12671593533986,2012-07-28,2012,30,576
SAO JOAO DO TAUAPE,,2012073012,25.820785135432175,2012-07-29,2012,31,577
SAO JOAO DO TAUAPE,,2012073112,26.593894446547893,2012-07-30,2012,31,578
SAO JOAO DO TAUAPE,,2012080112,26.705729046085935,2012-07-31,2012,31,579
SAO JOAO DO TAUAPE,,2012080212,26.919291017755995,2012-08-01,2012,31,580
SAO JOAO DO TAUAPE,,2012080312,26.992287660132263,2012-08-02,2012,31,581
SAO JOAO DO TAUAPE,,2012080412,26.761786724013348,2012-08-03,2012,31,582
SAO JOAO DO TAUAPE,,2012080512,26.710969830666784,2012-08-04,2012,31,583
SAO JOAO DO TAUAPE,,2012080612,27.706625315591282,2012-08-05,2012,32,584
SAO JOAO DO TAUAPE,,2012080712,27.32002386731392,2012-08-06,2012,32,585
SAO JOAO DO TAUAPE,,2012080812,27.857859384924666,2012-08-07,2012,32,586
SAO JOAO DO TAUAPE,,2012080912,27.53583188951859,2012-08-08,2012,32,587
SAO JOAO DO TAUAPE,,2012081012,27.373086811195094,2012-08-09,2012,32,588
SAO JOAO DO TAUAPE,,2012081112,27.13790660312901,2012-08-10,2012,32,589
SAO JOAO DO TAUAPE,,2012081212,26.946150038732867,2012-08-11,2012,32,590
SAO JOAO DO TAUAPE,,2012081312,26.53006917718818,2012-08-12,2012,33,591
SAO JOAO DO TAUAPE,,2012081412,26.243978490336588,2012-08-13,2012,33,592
SAO JOAO DO TAUAPE,,2012081512,26.96851695864052,2012-08-14,2012,33,593
SAO JOAO DO TAUAPE,,2012081612,26.98816990081872,2012-08-15,2012,33,594
SAO JOAO DO TAUAPE,,2012081712,27.255637085320473,2012-08-16,2012,33,595
SAO JOAO DO TAUAPE,,2012081812,27.65768013102354,2012-08-17,2012,33,596
SAO JOAO DO TAUAPE,,2012081912,27.252455180396396,2012-08-18,2012,33,597
SAO JOAO DO TAUAPE,,2012082012,26.856120846468798,2012-08-19,2012,34,598
SAO JOAO DO TAUAPE,,2012082112,26.831039948831858,2012-08-20,2012,34,599
SAO JOAO DO TAUAPE,,2012082212,26.858179726125627,2012-08-21,2012,34,600
SAO JOAO DO TAUAPE,,2012082312,26.999306568053044,2012-08-22,2012,34,601
SAO JOAO DO TAUAPE,,2012082412,26.378554351537957,2012-08-23,2012,34,602
SAO JOAO DO TAUAPE,,2012082512,26.43451844402648,2012-08-24,2012,34,603
SAO JOAO DO TAUAPE,,2012082612,27.053492537201578,2012-08-25,2012,34,604
SAO JOAO DO TAUAPE,,2012082712,27.10524528493761,2012-08-26,2012,35,605
SAO JOAO DO TAUAPE,,2012082812,27.5224491717496,2012-08-27,2012,35,606
SAO JOAO DO TAUAPE,,2012082912,28.460456026284646,2012-08-28,2012,35,607
SAO JOAO DO TAUAPE,,2012083012,27.08212968151844,2012-08-29,2012,35,608
SAO JOAO DO TAUAPE,,2012083112,27.333500170521802,2012-08-30,2012,35,609
SAO JOAO DO TAUAPE,,2012090112,27.373367567511934,2012-08-31,2012,35,610
SAO JOAO DO TAUAPE,,2012090212,27.360827118693464,2012-09-01,2012,35,611
SAO JOAO DO TAUAPE,,2012090312,26.84507776467342,2012-09-02,2012,36,612
SAO JOAO DO TAUAPE,,2012090412,27.25516915812574,2012-09-03,2012,36,613
SAO JOAO DO TAUAPE,,2012090512,27.241880025795695,2012-09-04,2012,36,614
SAO JOAO DO TAUAPE,,2012090612,26.39951748986141,2012-09-05,2012,36,615
SAO JOAO DO TAUAPE,,2012090712,26.66773335787468,2012-09-06,2012,36,616
SAO JOAO DO TAUAPE,,2012090812,27.912700452145828,2012-09-07,2012,36,617
SAO JOAO DO TAUAPE,,2012090912,28.535043621122895,2012-09-08,2012,36,618
SAO JOAO DO TAUAPE,,2012091012,28.041661187010504,2012-09-09,2012,37,619
SAO JOAO DO TAUAPE,,2012091112,28.14245270475317,2012-09-10,2012,37,620
SAO JOAO DO TAUAPE,,2012091212,27.286052352977208,2012-09-11,2012,37,621
SAO JOAO DO TAUAPE,,2012091312,27.728149966548358,2012-09-12,2012,37,622
SAO JOAO DO TAUAPE,,2012091412,27.536861329346948,2012-09-13,2012,37,623
SAO JOAO DO TAUAPE,,2012091512,27.40219188270663,2012-09-14,2012,37,624
SAO JOAO DO TAUAPE,,2012091612,28.240717415644212,2012-09-15,2012,37,625
SAO JOAO DO TAUAPE,,2012091712,28.44117742586218,2012-09-16,2012,38,626
SAO JOAO DO TAUAPE,,2012091812,27.78327179008636,2012-09-17,2012,38,627
SAO JOAO DO TAUAPE,,2012091912,28.251854082878594,2012-09-18,2012,38,628
SAO JOAO DO TAUAPE,,2012092012,27.536580573030164,2012-09-19,2012,38,629
SAO JOAO DO TAUAPE,,2012092112,27.940027400317376,2012-09-20,2012,38,630
SAO JOAO DO TAUAPE,,2012092212,27.82969016780254,2012-09-21,2012,38,631
SAO JOAO DO TAUAPE,,2012092312,27.70887136612589,2012-09-22,2012,38,632
SAO JOAO DO TAUAPE,,2012092412,28.03997664910952,2012-09-23,2012,39,633
SAO JOAO DO TAUAPE,,2012092512,27.36953056451523,2012-09-24,2012,39,634
SAO JOAO DO TAUAPE,,2012092612,27.9093313763438,2012-09-25,2012,39,635
SAO JOAO DO TAUAPE,,2012092712,27.92271409411279,2012-09-26,2012,39,636
SAO JOAO DO TAUAPE,,2012092812,27.927206195182066,2012-09-27,2012,39,637
SAO JOAO DO TAUAPE,,2012092912,27.309823054469007,2012-09-28,2012,39,638
SAO JOAO DO TAUAPE,,2012093012,28.165849064489123,2012-09-29,2012,39,639
SAO JOAO DO TAUAPE,,2012100112,28.053265781439563,2012-09-30,2012,40,640
SAO JOAO DO TAUAPE,,2012100212,27.868060197769523,2012-10-01,2012,40,641
SAO JOAO DO TAUAPE,,2012100312,28.121302395551766,2012-10-02,2012,40,642
SAO JOAO DO TAUAPE,,2012100412,27.762495822640744,2012-10-03,2012,40,643
SAO JOAO DO TAUAPE,,2012100512,27.62436371475951,2012-10-04,2012,40,644
SAO JOAO DO TAUAPE,,2012100612,28.016767460251458,2012-10-05,2012,40,645
SAO JOAO DO TAUAPE,,2012100712,28.860440192330998,2012-10-06,2012,40,646
SAO JOAO DO TAUAPE,,2012100812,28.769287974799568,2012-10-07,2012,41,647
SAO JOAO DO TAUAPE,,2012100912,28.34085383531425,2012-10-08,2012,41,648
SAO JOAO DO TAUAPE,,2012101012,28.21881842293135,2012-10-09,2012,41,649
SAO JOAO DO TAUAPE,,2012101112,26.927152194627297,2012-10-10,2012,41,650
SAO JOAO DO TAUAPE,,2012101212,28.539535722192227,2012-10-11,2012,41,651
SAO JOAO DO TAUAPE,,2012101312,27.974841183604553,2012-10-12,2012,41,652
SAO JOAO DO TAUAPE,,2012101412,27.92729978062107,2012-10-13,2012,41,653
SAO JOAO DO TAUAPE,,2012101512,27.485295752488867,2012-10-14,2012,42,654
SAO JOAO DO TAUAPE,,2012101612,27.892766753650733,2012-10-15,2012,42,655
SAO JOAO DO TAUAPE,,2012101712,28.321013722258158,2012-10-16,2012,42,656
SAO JOAO DO TAUAPE,,2012101812,28.130193012251482,2012-10-17,2012,42,657
SAO JOAO DO TAUAPE,,2012101912,27.47631155035026,2012-10-18,2012,42,658
SAO JOAO DO TAUAPE,,2012102012,28.257656380093067,2012-10-19,2012,42,659
SAO JOAO DO TAUAPE,,2012102112,28.401590785188887,2012-10-20,2012,42,660
SAO JOAO DO TAUAPE,,2012102212,27.99964132492471,2012-10-21,2012,43,661
SAO JOAO DO TAUAPE,,2012102312,28.02472222256165,2012-10-22,2012,43,662
SAO JOAO DO TAUAPE,,2012102412,28.112411778852106,2012-10-23,2012,43,663
SAO JOAO DO TAUAPE,,2012102512,27.861322046165583,2012-10-24,2012,43,664
SAO JOAO DO TAUAPE,,2012102612,27.35979767886505,2012-10-25,2012,43,665
SAO JOAO DO TAUAPE,,2012102712,28.258498649043645,2012-10-26,2012,43,666
SAO JOAO DO TAUAPE,,2012102812,28.018732754469283,2012-10-27,2012,43,667
SAO JOAO DO TAUAPE,,2012102912,27.498865641135694,2012-10-29,2012,44,668
SAO JOAO DO TAUAPE,,2012103012,27.975964208871915,2012-10-30,2012,44,669
SAO JOAO DO TAUAPE,,2012103112,28.27496968629771,2012-10-31,2012,44,670
SAO JOAO DO TAUAPE,,2012110112,28.17764082979602,2012-11-01,2012,44,671
SAO JOAO DO TAUAPE,,2012110212,27.91971936006655,2012-11-02,2012,44,672
SAO JOAO DO TAUAPE,,2012110312,27.990844293663997,2012-11-03,2012,44,673
SAO JOAO DO TAUAPE,,2012110412,28.940923669822723,2012-11-04,2012,45,674
SAO JOAO DO TAUAPE,,2012110512,28.090419200700353,2012-11-05,2012,45,675
SAO JOAO DO TAUAPE,,2012110612,28.37061400489847,2012-11-06,2012,45,676
SAO JOAO DO TAUAPE,,2012110712,28.621142224951313,2012-11-07,2012,45,677
SAO JOAO DO TAUAPE,,2012110812,28.210302147987477,2012-11-08,2012,45,678
SAO JOAO DO TAUAPE,,2012110912,28.04811858229766,2012-11-09,2012,45,679
SAO JOAO DO TAUAPE,,2012111012,28.118775588700316,2012-11-10,2012,45,680
SAO JOAO DO TAUAPE,,2012111112,28.547584069941422,2012-11-11,2012,46,681
SAO JOAO DO TAUAPE,,2012111212,28.79446245787551,2012-11-12,2012,46,682
SAO JOAO DO TAUAPE,,2012111312,28.464573785598134,2012-11-13,2012,46,683
SAO JOAO DO TAUAPE,,2012111412,28.45334353292492,2012-11-14,2012,46,684
SAO JOAO DO TAUAPE,,2012111512,28.403836835723496,2012-11-15,2012,46,685
SAO JOAO DO TAUAPE,,2012111612,28.445295185175667,2012-11-16,2012,46,686
SAO JOAO DO TAUAPE,,2012111712,28.61936410161138,2012-11-17,2012,46,687
SAO JOAO DO TAUAPE,,2012111812,28.736720242047113,2012-11-18,2012,47,688
SAO JOAO DO TAUAPE,,2012111912,28.716505787235178,2012-11-19,2012,47,689
SAO JOAO DO TAUAPE,,2012112012,29.076061043657774,2012-11-20,2012,47,690
SAO JOAO DO TAUAPE,,2012112112,28.994922468093364,2012-11-21,2012,47,691
SAO JOAO DO TAUAPE,,2012112212,29.785251499974834,2012-11-22,2012,47,692
SAO JOAO DO TAUAPE,,2012112312,29.764662703407225,2012-11-23,2012,47,693
SAO JOAO DO TAUAPE,,2012112412,29.096462669347545,2012-11-24,2012,47,694
SAO JOAO DO TAUAPE,,2012112512,28.97395932976997,2012-11-25,2012,48,695
SAO JOAO DO TAUAPE,,2012112612,29.16038152414626,2012-11-26,2012,48,696
SAO JOAO DO TAUAPE,,2012112712,28.74823125103717,2012-11-27,2012,48,697
SAO JOAO DO TAUAPE,,2012112812,28.49789020186222,2012-11-28,2012,48,698
SAO JOAO DO TAUAPE,,2012112912,28.867365514812832,2012-11-29,2012,48,699
SAO JOAO DO TAUAPE,,2012113012,28.466726250693853,2012-11-30,2012,48,700
SAO JOAO DO TAUAPE,,2012120112,28.025470906073224,2012-12-01,2012,48,701
SAO JOAO DO TAUAPE,,2012120212,28.71659937267418,2012-12-02,2012,49,702
SAO JOAO DO TAUAPE,,2012120312,27.934786615736584,2012-12-03,2012,49,703
SAO JOAO DO TAUAPE,,2012120412,28.19102354756501,2012-12-04,2012,49,704
SAO JOAO DO TAUAPE,,2012120512,28.514922751749964,2012-12-05,2012,49,705
SAO JOAO DO TAUAPE,,2012120612,28.3801597196707,2012-12-06,2012,49,706
SAO JOAO DO TAUAPE,,2012120712,28.548987851525567,2012-12-07,2012,49,707
SAO JOAO DO TAUAPE,,2012120812,28.920428458694005,2012-12-08,2012,49,708
SAO JOAO DO TAUAPE,,2012120912,28.735503631340805,2012-12-09,2012,50,709
SAO JOAO DO TAUAPE,,2012121012,28.64538085363779,2012-12-10,2012,50,710
SAO JOAO DO TAUAPE,,2012121112,28.989026585439888,2012-12-11,2012,50,711
SAO JOAO DO TAUAPE,,2012121212,29.09028603037723,2012-12-12,2012,50,712
SAO JOAO DO TAUAPE,,2012121312,29.232910239327794,2012-12-13,2012,50,713
SAO JOAO DO TAUAPE,,2012121412,28.626195838654326,2012-12-14,2012,50,714
SAO JOAO DO TAUAPE,,2012121512,29.06698325608022,2012-12-15,2012,50,715
SAO JOAO DO TAUAPE,,2012121612,28.919118262548807,2012-12-16,2012,51,716
SAO JOAO DO TAUAPE,,2012121712,28.791842065585058,2012-12-17,2012,51,717
SAO JOAO DO TAUAPE,,2012121812,28.723337524278122,2012-12-18,2012,51,718
SAO JOAO DO TAUAPE,,2012121912,28.298085289716937,2012-12-19,2012,51,719
SAO JOAO DO TAUAPE,,2012122012,28.498919641690577,2012-12-20,2012,51,720
SAO JOAO DO TAUAPE,,2012122112,28.55254409820543,2012-12-21,2012,51,721
SAO JOAO DO TAUAPE,,2012122212,28.75113239964446,2012-12-22,2012,51,722
SAO JOAO DO TAUAPE,,2012122312,28.825813579921714,2012-12-23,2012,52,723
SAO JOAO DO TAUAPE,,2012122412,28.756560355103204,2012-12-24,2012,52,724
SAO JOAO DO TAUAPE,,2012122512,28.555632417690617,2012-12-25,2012,52,725
SAO JOAO DO TAUAPE,,2012122612,28.975924623987794,2012-12-26,2012,52,726
SAO JOAO DO TAUAPE,,2012122712,28.96450720043663,2012-12-27,2012,52,727
SAO JOAO DO TAUAPE,,2012122812,28.964039273241895,2012-12-28,2012,52,728
SAO JOAO DO TAUAPE,,2012122912,28.063466594284478,2012-12-29,2012,52,729
SAO JOAO DO TAUAPE,,2012123012,28.05392087951219,2012-12-30,2012,53,730
SAO JOAO DO TAUAPE,,2012123112,27.695114306601113,2012-12-31,2012,53,731
